[{"url":"https://api.616222.xyz/codeeeecodeeee/?type=sub&code=1111&version=1665","name":"官方源","type":1},{"url":"https://raw.githubusercontent.com/fenger1210/Player/refs/heads/main/18+.json","name":"18+","type":1},{"url":"https://raw.githubusercontent.com/fenger1210/Player/refs/heads/main/18++.json","name":"18++","type":1},{"url":"https://raw.githubusercontent.com/fenger1210/Player/refs/heads/main/yinshi.json","name":"影视源","type":1},{"api":"https://caiji.dbzy5.com/api.php/provide/vod/at/josn/","name":"豆瓣资源","instance":"","webSite":"","remark":"","noHistory":false,"userAgent":"","displayClassList":[],"blockClassList":[],"isLock":false,"uiType":0,"codeID":"","env":"","version":1,"type":0},{"api":"https://iqiyizyapi.com/api.php/provide/vod","name":"爱奇艺资源","instance":"","webSite":"","remark":"","noHistory":false,"userAgent":"","displayClassList":[],"blockClassList":[],"isLock":false,"uiType":0,"codeID":"","env":"","version":1,"type":0},{"api":"https://p2100.net/api.php/provide/vod/","name":"飘零影院","instance":"","webSite":"","remark":"","noHistory":false,"userAgent":"","displayClassList":[],"blockClassList":[],"isLock":false,"uiType":0,"codeID":"","env":"","version":1,"type":0},{"api":"https://cj.yayazy.net/api.php/provide/vod/","name":"丫丫资源","instance":"","webSite":"","remark":"","noHistory":false,"userAgent":"","displayClassList":[],"blockClassList":[],"isLock":false,"uiType":0,"codeID":"","env":"","version":1,"type":0},{"api":"http://hongniuzy2.com/api.php/provide/vod/from/hnm3u8","name":"红牛资源","instance":"","webSite":"","remark":"","noHistory":false,"userAgent":"","displayClassList":[],"blockClassList":[],"isLock":false,"uiType":0,"codeID":"","env":"","version":1,"type":0},{"api":"http://zuidazy.me/api.php/provide/vod/","name":"最大资源","instance":"","webSite":"","remark":"","noHistory":false,"userAgent":"","displayClassList":[],"blockClassList":[],"isLock":false,"uiType":0,"codeID":"","env":"","version":1,"type":0},{"api":"https://www.mdzyapi.com/api.php/provide/vod/","name":"魔都资源","instance":"","webSite":"","remark":"","noHistory":false,"userAgent":"","displayClassList":[],"blockClassList":[],"isLock":false,"uiType":0,"codeID":"","env":"","version":1,"type":0},{"api":"http://collect.wolongzyw.com/api.php/provide/vod","name":"卧龙资源","instance":"","webSite":"","remark":"","noHistory":false,"userAgent":"","displayClassList":[],"blockClassList":[],"isLock":false,"uiType":0,"codeID":"","env":"","version":1,"type":0},{"api":"http://sdzyapi.com/api.php/provide/vod/from/sdm3u8","name":"闪电资源","instance":"","webSite":"","remark":"","noHistory":false,"userAgent":"","displayClassList":[],"blockClassList":[],"isLock":false,"uiType":0,"codeID":"","env":"","version":1,"type":0},{"api":"https://ikunzyapi.com/api.php/provide/vod/","name":"爱坤资源","instance":"","webSite":"","remark":"","noHistory":false,"userAgent":"","displayClassList":[],"blockClassList":[],"isLock":false,"uiType":0,"codeID":"","env":"","version":1,"type":0},{"api":"https://www.911ysw.top/tianyi.php/provide/vod/","name":"天翼资源","instance":"","webSite":"","remark":"","noHistory":false,"userAgent":"","displayClassList":[],"blockClassList":[],"isLock":false,"uiType":0,"codeID":"","env":"","version":1,"type":0},{"api":"https://360zy.com/api.php/provide/vod","name":"360资源","instance":"","webSite":"","remark":"","noHistory":false,"userAgent":"","displayClassList":[],"blockClassList":[],"isLock":false,"uiType":0,"codeID":"","env":"","version":1,"type":0},{"api":"http://m3u8.apiyhzy.com/api.php/provide/vod","name":"樱花资源","instance":"","webSite":"","remark":"","noHistory":false,"userAgent":"","displayClassList":[],"blockClassList":[],"isLock":false,"uiType":0,"codeID":"","env":"","version":1,"type":0},{"api":"https://api.guangsuapi.com/api.php/provide/vod/from/gsm3u8","name":"光速资源","instance":"","webSite":"","remark":"","noHistory":false,"userAgent":"","displayClassList":[],"blockClassList":[],"isLock":false,"uiType":0,"codeID":"","env":"","version":1,"type":0},{"api":"https://bfzyapi.com/api.php/provide/vod/","name":"暴风资源","instance":"","webSite":"","remark":"","noHistory":false,"userAgent":"","displayClassList":[],"blockClassList":[],"isLock":false,"uiType":0,"codeID":"","env":"","version":1,"type":0},{"api":"https://caiji.maotaizy.cc/api.php/provide/vod/at/josn/","name":"茅台资源","instance":"","webSite":"","remark":"","noHistory":false,"userAgent":"","displayClassList":[],"blockClassList":[],"isLock":false,"uiType":0,"codeID":"","env":"","version":1,"type":0},{"api":"http://api.1080zyku.com/inc/api.php/provide/vod","name":"优质资源库","instance":"","webSite":"","remark":"","noHistory":false,"userAgent":"","displayClassList":[],"blockClassList":[],"isLock":false,"uiType":0,"codeID":"","env":"","version":1,"type":0},{"api":"https://jyzyapi.com/provide/vod/from/jinyingm3u8","name":"金鹰资源","instance":"","webSite":"","remark":"","noHistory":false,"userAgent":"","displayClassList":[],"blockClassList":[],"isLock":false,"uiType":0,"codeID":"","env":"","version":1,"type":0},{"api":"https://api.niuniuzy.me/api.php/provide/vod/","name":"牛牛资源","instance":"","webSite":"","remark":"","noHistory":false,"userAgent":"","displayClassList":[],"blockClassList":[],"isLock":false,"uiType":0,"codeID":"","env":"","version":1,"type":0},{"api":"http://caiji.dyttzyapi.com/api.php/provide/vod/at/xml/","name":"电影天堂","instance":"","webSite":"","remark":"","noHistory":false,"userAgent":"","displayClassList":[],"blockClassList":[],"isLock":false,"uiType":0,"codeID":"","env":"","version":1,"type":0},{"api":"https://wwzy.tv/api.php/provide/vod","name":"旺旺短剧","instance":"","webSite":"","remark":"","noHistory":false,"userAgent":"","displayClassList":[],"blockClassList":[],"isLock":false,"uiType":0,"codeID":"","env":"","version":1,"type":0},{"api":"https://cj.rycjapi.com/api.php/provide/vod/at/xml","name":"如意资源","instance":"","webSite":"","remark":"","noHistory":false,"userAgent":"","displayClassList":[],"blockClassList":[],"isLock":false,"uiType":0,"codeID":"","env":"","version":1,"type":0},{"api":"http://api.apibdzy.com/api.php/provide/vod","name":"百度资源","instance":"","webSite":"","remark":"","noHistory":false,"userAgent":"","displayClassList":[],"blockClassList":[],"isLock":false,"uiType":0,"codeID":"","env":"","version":1,"type":0},{"api":"http://api.ukuapi.com/api.php/provide/vod","name":"U酷资源","instance":"","webSite":"","remark":"","noHistory":false,"userAgent":"","displayClassList":[],"blockClassList":[],"isLock":false,"uiType":0,"codeID":"","env":"","version":1,"type":0},{"api":"http://cj.ffzyapi.com/api.php/provide/vod/at/xml/","name":"非凡资源","instance":"","webSite":"","remark":"","noHistory":false,"userAgent":"","displayClassList":[],"blockClassList":[],"isLock":false,"uiType":0,"codeID":"","env":"","version":1,"type":0},{"api":"https://zy.jinchancaiji.com/api.php/provide/vod","name":"金蝉资源","instance":"","webSite":"","remark":"","noHistory":false,"userAgent":"","displayClassList":[],"blockClassList":[],"isLock":false,"uiType":0,"codeID":"","env":"","version":1,"type":0},{"api":"https://tyyszyapi.com/api.php/provide/vod","name":"天涯影视资源","instance":"","webSite":"","remark":"","noHistory":false,"userAgent":"","displayClassList":[],"blockClassList":[],"isLock":false,"uiType":0,"codeID":"","env":"","version":1,"type":0},{"api":"https://subocj.com/api.php/provide/vod/at/json","name":"速播资源","instance":"","webSite":"","remark":"","noHistory":false,"userAgent":"","displayClassList":[],"blockClassList":[],"isLock":false,"uiType":0,"codeID":"","env":"","version":1,"type":0},{"api":"https://vs.okcdn100.top/api.php/provide/vod/","name":"小绵羊资源","instance":"","webSite":"","remark":"","noHistory":false,"userAgent":"","displayClassList":[],"blockClassList":[],"isLock":false,"uiType":0,"codeID":"","env":"","version":1,"type":0},{"api":"https://api.maoyanapi.top/api.php/provide/vod","name":"猫眼资源","instance":"","webSite":"","remark":"","noHistory":false,"userAgent":"","displayClassList":[],"blockClassList":[],"isLock":false,"uiType":0,"codeID":"","env":"","version":1,"type":0},{"api":"https://jszyapi.com/api.php/provide/vod/at/json","name":"极速资源","instance":"","webSite":"","remark":"","noHistory":false,"userAgent":"","displayClassList":[],"blockClassList":[],"isLock":false,"uiType":0,"codeID":"","env":"","version":1,"type":0},{"api":"https://api.wujinapi.me/api.php/provide/vod/","name":"无尽资源","instance":"","webSite":"","remark":"","noHistory":false,"userAgent":"","displayClassList":[],"blockClassList":[],"isLock":false,"uiType":0,"codeID":"","env":"","version":1,"type":0},{"api":"http://cj.lziapi.com/api.php/provide/vod/from/lzm3u8","name":"量子资源","instance":"","webSite":"","remark":"","noHistory":false,"userAgent":"","displayClassList":[],"blockClassList":[],"isLock":false,"uiType":0,"codeID":"","env":"","version":1,"type":0},{"api":"https://cj.rycjapi.com/api.php/provide/vod","name":"如意","instance":"","webSite":"","remark":"","noHistory":false,"userAgent":"","displayClassList":[],"blockClassList":[],"isLock":false,"uiType":0,"codeID":"","env":"","version":1,"type":0},{"api":"https://cjhwba.com/api.php/provide/vod/","name":"华为吧","instance":"","webSite":"","remark":"","noHistory":false,"userAgent":"","displayClassList":[],"blockClassList":[],"isLock":false,"uiType":0,"codeID":"","env":"","version":1,"type":0},{"api":"https://cj.ffzyapi.com/api.php/provide/vod","name":"非凡源","instance":"","webSite":"","remark":"","noHistory":false,"userAgent":"","displayClassList":[],"blockClassList":[],"isLock":false,"uiType":0,"codeID":"","env":"","version":1,"type":0},{"api":"https://jinyingzy.com/api.php/provide/vod/","name":"金鹰","instance":"","webSite":"","remark":"","noHistory":false,"userAgent":"","displayClassList":[],"blockClassList":[],"isLock":false,"uiType":0,"codeID":"","env":"","version":1,"type":0},{"api":"https://zpsps.com/api.php/provide/vod/","name":"宝片","instance":"","webSite":"","remark":"","noHistory":false,"userAgent":"","displayClassList":[],"blockClassList":[],"isLock":false,"uiType":0,"codeID":"","env":"","version":1,"type":0},{"api":"https://www.inmi.app/api.php/provide/vod/at/xml","name":"映迷","instance":"","webSite":"","remark":"","noHistory":false,"userAgent":"","displayClassList":[],"blockClassList":[],"isLock":false,"uiType":0,"codeID":"","env":"","version":1,"type":0},{"api":"https://cj.vodimg.top/api.php/provide/vod/","name":"影图","instance":"","webSite":"","remark":"","noHistory":false,"userAgent":"","displayClassList":[],"blockClassList":[],"isLock":false,"uiType":0,"codeID":"","env":"","version":1,"type":0},{"api":"https://hhzyapi.com/api.php/provide/vod","name":"豪华","instance":"","webSite":"","remark":"","noHistory":false,"userAgent":"","displayClassList":[],"blockClassList":[],"isLock":false,"uiType":0,"codeID":"","env":"","version":1,"type":0},{"api":"https://jszyapi.com/api.php/provide/vod","name":"极速","instance":"","webSite":"","remark":"","noHistory":false,"userAgent":"","displayClassList":[],"blockClassList":[],"isLock":false,"uiType":0,"codeID":"","env":"","version":1,"type":0},{"api":"https://suoniapi.com/api.php/provide/vod/","name":"索尼","instance":"","webSite":"","remark":"","noHistory":false,"userAgent":"","displayClassList":[],"blockClassList":[],"isLock":false,"uiType":0,"codeID":"","env":"","version":1,"type":0},{"api":"http://cj.ffzyapi.com/api.php/provide/vod/","name":"非凡","instance":"","webSite":"","remark":"","noHistory":false,"userAgent":"","displayClassList":[],"blockClassList":[],"isLock":false,"uiType":0,"codeID":"","env":"","version":1,"type":0},{"api":"https://cj.lziapi.com/api.php/provide/vod/","name":"量子","instance":"","webSite":"","remark":"","noHistory":false,"userAgent":"","displayClassList":[],"blockClassList":[],"isLock":false,"uiType":0,"codeID":"","env":"","version":1,"type":0},{"api":"https://www.hongniuzy2.com/api.php/provide/vod/","name":"红牛","instance":"","webSite":"","remark":"","noHistory":false,"userAgent":"","displayClassList":[],"blockClassList":[],"isLock":false,"uiType":0,"codeID":"","env":"","version":1,"type":0},{"api":"http://sdzyapi.com/api.php/provide/vod/","name":"闪电","instance":"","webSite":"","remark":"","noHistory":false,"userAgent":"","displayClassList":[],"blockClassList":[],"isLock":false,"uiType":0,"codeID":"","env":"","version":1,"type":0},{"api":"https://m3u8.apiyhzy.com/api.php/provide/vod/","name":"樱花","instance":"","webSite":"","remark":"","noHistory":false,"userAgent":"","displayClassList":[],"blockClassList":[],"isLock":false,"uiType":0,"codeID":"","env":"","version":1,"type":0},{"api":"https://collect.wolongzyw.com/api.php/provide/vod/","name":"卧龙","instance":"","webSite":"","remark":"","noHistory":false,"userAgent":"","displayClassList":[],"blockClassList":[],"isLock":false,"uiType":0,"codeID":"","env":"","version":1,"type":0},{"api":"http://www.ahjiuman.com/api.php/provide/vod/at/json","name":"飘花","instance":"","webSite":"","remark":"","noHistory":false,"userAgent":"","displayClassList":[],"blockClassList":[],"isLock":false,"uiType":0,"codeID":"","env":"","version":1,"type":0},{"api":"https://www.huyaapi.com/api.php/provide/vod/","name":"虎牙","instance":"","webSite":"","remark":"","noHistory":false,"userAgent":"","displayClassList":[],"blockClassList":[],"isLock":false,"uiType":0,"codeID":"","env":"","version":1,"type":0},{"api":"https://api.wujinapi.com/api.php/provide/vod/","name":"无尽","instance":"","webSite":"","remark":"","noHistory":false,"userAgent":"","displayClassList":[],"blockClassList":[],"isLock":false,"uiType":0,"codeID":"","env":"","version":1,"type":0},{"api":"https://subocaiji.com/api.php/provide/vod/","name":"速博","instance":"","webSite":"","remark":"","noHistory":false,"userAgent":"","displayClassList":[],"blockClassList":[],"isLock":false,"uiType":0,"codeID":"","env":"","version":1,"type":0},{"api":"https://api.xinlangapi.com/xinlangapi.php/provide/vod/","name":"新浪","instance":"","webSite":"","remark":"","noHistory":false,"userAgent":"","displayClassList":[],"blockClassList":[],"isLock":false,"uiType":0,"codeID":"","env":"","version":1,"type":0},{"api":"https://cj.lziapi.com/api.php/provide/vod/from/lzm3u8/","name":"量子资源(lzm3u8)","instance":"","webSite":"","remark":"","noHistory":false,"userAgent":"","displayClassList":[],"blockClassList":[],"isLock":false,"uiType":0,"codeID":"","env":"","version":1,"type":0},{"api":"https://360zy.com/api.php/seaxml/vod","name":"360资源1","instance":"","webSite":"","remark":"","noHistory":false,"userAgent":"","displayClassList":[],"blockClassList":[],"isLock":false,"uiType":0,"codeID":"","env":"","version":1,"type":0},{"api":"http://fszy1.com/api.php/provide/vod/","name":"飞速资源2","instance":"","webSite":"","remark":"","noHistory":false,"userAgent":"","displayClassList":[],"blockClassList":[],"isLock":false,"uiType":0,"codeID":"","env":"","version":1,"type":0},{"api":"https://api.tiankongapi.com/api.php/provide/vod","name":"天空资源","instance":"","webSite":"","remark":"","noHistory":false,"userAgent":"","displayClassList":[],"blockClassList":[],"isLock":false,"uiType":0,"codeID":"","env":"","version":1,"type":0},{"api":"https://m3u8.tiankongapi.com/api.php/provide/vod/","name":"天空资源1","instance":"","webSite":"","remark":"","noHistory":false,"userAgent":"","displayClassList":[],"blockClassList":[],"isLock":false,"uiType":0,"codeID":"","env":"","version":1,"type":0},{"api":"https://m3u8.tiankongapi.com/api.php/provide/vod/from/tkm3u8/","name":"天空资源(tkm3u8)","instance":"","webSite":"","remark":"","noHistory":false,"userAgent":"","displayClassList":[],"blockClassList":[],"isLock":false,"uiType":0,"codeID":"","env":"","version":1,"type":0},{"api":"https://api.guangsuapi.com/api.php/provide/vod","name":"光速资源","instance":"","webSite":"","remark":"","noHistory":false,"userAgent":"","displayClassList":[],"blockClassList":[],"isLock":false,"uiType":0,"codeID":"","env":"","version":1,"type":0},{"api":"https://api.apibdzy.com/api.php/provide/vod/","name":"百度资源","instance":"","webSite":"","remark":"","noHistory":false,"userAgent":"","displayClassList":[],"blockClassList":[],"isLock":false,"uiType":0,"codeID":"","env":"","version":1,"type":0},{"api":"https://img.smdyw.top/api.php/provide/vod","name":"神马资源","instance":"","webSite":"","remark":"","noHistory":false,"userAgent":"","displayClassList":[],"blockClassList":[],"isLock":false,"uiType":0,"codeID":"","env":"","version":1,"type":0},{"api":"https://www.hongniuzy2.com/api.php/provide/vod/from/hnm3u8/","name":"红牛资源(hnm3u8)","instance":"","webSite":"","remark":"","noHistory":false,"userAgent":"","displayClassList":[],"blockClassList":[],"isLock":false,"uiType":0,"codeID":"","env":"","version":1,"type":0},{"api":"https://kuaikan-api.com/api.php/provide/vod","name":"快看资源","instance":"","webSite":"","remark":"","noHistory":false,"userAgent":"","displayClassList":[],"blockClassList":[],"isLock":false,"uiType":0,"codeID":"","env":"","version":1,"type":0},{"api":"https://api.wujinapi.net/api.php/provide/vod/","name":"无尽资源资源net","instance":"","webSite":"","remark":"","noHistory":false,"userAgent":"","displayClassList":[],"blockClassList":[],"isLock":false,"uiType":0,"codeID":"","env":"","version":1,"type":0},{"api":"https://www.911ysw.top/tianyi.php/provide/vod/at/json","name":"天翼资源(json)","instance":"","webSite":"","remark":"","noHistory":false,"userAgent":"","displayClassList":[],"blockClassList":[],"isLock":false,"uiType":0,"codeID":"","env":"","version":1,"type":0},{"api":"http://cj.baozi66.top:66/api.php/provide/vod/","name":"雨哥哥影视","instance":"","webSite":"","remark":"","noHistory":false,"userAgent":"","displayClassList":[],"blockClassList":[],"isLock":false,"uiType":0,"codeID":"","env":"","version":1,"type":0},{"api":"https://api.yparse.com/api/json","name":"步步高资源(json)","instance":"","webSite":"","remark":"","noHistory":false,"userAgent":"","displayClassList":[],"blockClassList":[],"isLock":false,"uiType":0,"codeID":"","env":"","version":1,"type":0},{"api":"https://api.zuidapi.com/api.php/provide/vod/","name":"最大资源","instance":"","webSite":"","remark":"","noHistory":false,"userAgent":"","displayClassList":[],"blockClassList":[],"isLock":false,"uiType":0,"codeID":"","env":"","version":1,"type":0},{"api":"https://www.inmi.app/api.php/provide/vod/","name":"映迷资源","instance":"","webSite":"","remark":"","noHistory":false,"userAgent":"","displayClassList":[],"blockClassList":[],"isLock":false,"uiType":0,"codeID":"","env":"","version":1,"type":0},{"api":"https://jyzyapi.com/api.php/provide/vod/","name":"金鹰资源1","instance":"","webSite":"","remark":"","noHistory":false,"userAgent":"","displayClassList":[],"blockClassList":[],"isLock":false,"uiType":0,"codeID":"","env":"","version":1,"type":0},{"api":"https://sdzyapi.com/api.php/provide/vod/from/sdm3u8/","name":"闪电资源(sdm3u8)","instance":"","webSite":"","remark":"","noHistory":false,"userAgent":"","displayClassList":[],"blockClassList":[],"isLock":false,"uiType":0,"codeID":"","env":"","version":1,"type":0},{"api":"https://api.1080zyku.com/inc/apijson.php","name":"1080源","instance":"","webSite":"","remark":"","noHistory":false,"userAgent":"","displayClassList":[],"blockClassList":[],"isLock":false,"uiType":0,"codeID":"","env":"","version":1,"type":0},{"api":"https://cj.lzcaiji.com/api.php/provide/vod/at/json","name":"量子源","instance":"","webSite":"","remark":"","noHistory":false,"userAgent":"","displayClassList":[],"blockClassList":[],"isLock":false,"uiType":0,"codeID":"","env":"","version":1,"type":0},{"api":"https://api.ukuapi.com/api.php/provide/vod/","name":"U酷","instance":"","webSite":"","remark":"","noHistory":false,"userAgent":"","displayClassList":[],"blockClassList":[],"isLock":false,"uiType":0,"codeID":"","env":"","version":1,"type":0},{"api":"https://ikunzyapi.com/api.php/provide/vod/from/ikm3u8/at/json/","name":"爱坤资源json","instance":"","webSite":"","remark":"","noHistory":false,"userAgent":"","displayClassList":[],"blockClassList":[],"isLock":false,"uiType":0,"codeID":"","env":"","version":1,"type":0},{"api":"https://api.1080zyku.com/inc/api_mac10.php","name":"1080资源","instance":"","webSite":"","remark":"","noHistory":false,"userAgent":"","displayClassList":[],"blockClassList":[],"isLock":false,"uiType":0,"codeID":"","env":"","version":1,"type":0},{"api":"https://api.1080zyku.com/inc/api.php/provide/vod/","name":"优质资源库","instance":"","webSite":"","remark":"","noHistory":false,"userAgent":"","displayClassList":[],"blockClassList":[],"isLock":false,"uiType":0,"codeID":"","env":"","version":1,"type":0},{"api":"https://simiyy.com/api.php/provide/vod/","name":"私密影院","instance":"","webSite":"","remark":"","noHistory":false,"userAgent":"","displayClassList":[],"blockClassList":[],"isLock":false,"uiType":0,"codeID":"","env":"","version":1,"type":0},{"api":"http://fhapi9.com/api.php/provide/vod/","name":"番号资源","instance":"","webSite":"","remark":"","noHistory":false,"userAgent":"","displayClassList":["最新","中文字幕","巨乳美乳","欧美性爱","卡通动漫","国产裸聊","国产自拍","国产盗摄","伦理三级","女同性恋","少女萝莉","人妖系列","虚拟VR"],"blockClassList":[],"isLock":true,"uiType":0,"codeID":"","env":"","version":1,"type":0},{"api":"https://vnzyz.com/api.php/provide/vod","name":"越南资源","instance":"","webSite":"","remark":"","noHistory":false,"userAgent":"","displayClassList":["最新","亚洲情色","热门女优","中文字幕","国产自拍","无码专区","伦理三级","制服师生","强奸乱伦","丝袜美腿","人妻熟女","欧美性爱","4K岛国","韩国资源","卡通动漫","人妖人兽","男同女同","VR资源","JAV高清"],"blockClassList":[],"isLock":true,"uiType":0,"codeID":"","env":"","version":1,"type":0},{"api":"https://xingba222.com/api.php/provide/vod/at/xml","name":"杏吧资源","instance":"","webSite":"","remark":"","noHistory":false,"userAgent":"","displayClassList":[],"blockClassList":[],"isLock":true,"uiType":0,"codeID":"","env":"","version":1,"type":0},{"api":"https://www.msnii.com/api/xml.php","name":"美少女资源","instance":"","webSite":"","remark":"","noHistory":false,"userAgent":"","displayClassList":[],"blockClassList":[],"isLock":true,"uiType":0,"codeID":"","env":"","version":1,"type":0},{"api":"https://api.ddapi.cc/api.php/provide/vod/","name":"滴滴资源","instance":"","webSite":"","remark":"","noHistory":false,"userAgent":"","displayClassList":[],"blockClassList":[],"isLock":true,"uiType":0,"codeID":"","env":"","version":1,"type":0},{"api":"https://www.xxibaozyw.com/api.php/provide/vod","name":"X细胞资源","instance":"","webSite":"","remark":"","noHistory":false,"userAgent":"","displayClassList":[],"blockClassList":[],"isLock":true,"uiType":0,"codeID":"","env":"","version":1,"type":0},{"api":"https://hsckzy888.com/api.php/provide/vod/at/xml/","name":"黄色仓库资源","instance":"","webSite":"","remark":"","noHistory":false,"userAgent":"","displayClassList":[],"blockClassList":[],"isLock":true,"uiType":0,"codeID":"","env":"","version":1,"type":0},{"api":"https://xxavs.com/api.php/provide/vod/","name":"湿乐园","instance":"","webSite":"","remark":"","noHistory":false,"userAgent":"","displayClassList":[],"blockClassList":[],"isLock":true,"uiType":0,"codeID":"","env":"","version":1,"type":0},{"api":"https://api.sexnguon.com/api.php/provide/vod/","name":"色南国资源","instance":"","webSite":"","remark":"","noHistory":false,"userAgent":"","displayClassList":[],"blockClassList":[],"isLock":true,"uiType":0,"codeID":"","env":"","version":1,"type":0},{"api":"https://apidanaizi.com/api.php/provide/vod","name":"大奶子资源","instance":"","webSite":"","remark":"","noHistory":false,"userAgent":"","displayClassList":["最新","精品推荐","国产主播","国产乱伦","自拍偷拍","制服丝袜","网曝事件","传媒探花","清纯学生","A V 解说","淫妻作乐","港台辣妹","足浴撩妹","反差母狗","A I 换脸","V R 视角","重口性癖","制服诱惑","丝袜美腿","中文字幕","无码流出","多人群交","凌辱快感","角色剧情","强奸乱伦","韩国三级","欧美激情","人妻熟女","主奴调教","动漫卡通","变性伪娘","女同性恋","野外露出"],"blockClassList":[],"isLock":true,"uiType":0,"codeID":"","env":"","version":1,"type":0},{"api":"https://www.kxgav.com/api/json.php","name":"白嫖","instance":"","webSite":"","remark":"","noHistory":false,"userAgent":"","displayClassList":[],"blockClassList":[],"isLock":true,"uiType":0,"codeID":"","env":"","version":1,"type":0},{"api":"http://91md.me/api.php/provide/vod","name":"成人18+","instance":"","webSite":"","remark":"","noHistory":false,"userAgent":"","displayClassList":[],"blockClassList":[],"isLock":true,"uiType":0,"codeID":"","env":"","version":1,"type":0},{"api":"https://apilsbzy1.com/api.php/provide/vod/","name":"老色逼资源","instance":"","webSite":"","remark":"","noHistory":false,"userAgent":"","displayClassList":["最新","角色扮演","日本女优","成人动漫","欧美激情","三级片","网曝视频","AV解说","国产传媒","主播直播","国产精品","国产探花","国产三区","国产乱伦","国产丝袜","国产SM","国产人妻","自拍偷拍","同性恋"],"blockClassList":[],"isLock":true,"uiType":0,"codeID":"","env":"","version":1,"type":0},{"api":"https://api.xiaojizy.live/provide/vod/","name":"小鸡资源","instance":"","webSite":"","remark":"","noHistory":false,"userAgent":"","displayClassList":["最新","强奸迷奸","丝袜制服","国产厂牌","SM调教","乱伦","网曝黑料","主播网红","自拍偷拍","口交自慰","群交多P","AI换脸","素人特摄","无码高清","经典有码","中文字幕","性感网红","重口调教","厂牌经典","人兽","其他","东南亚","阿拉伯","印巴拉丁","激情H漫","3D","国产三级","学生萝莉","日韩三级","蓝光超清","日韩精选","国产精选","欧美精选","VR专区"],"blockClassList":[],"isLock":true,"uiType":0,"codeID":"","env":"","version":1,"type":0},{"api":"https://naixxzy.com/api.php/provide/vod/","name":"奶香香资源","instance":"","webSite":"","remark":"","noHistory":false,"userAgent":"","displayClassList":["最新","国产自拍","主播诱惑","探花约炮","偷拍偷窥","网曝吃瓜","抖阴短片","传媒剧情","日韩主播","日韩无码","中文字幕","AV解说","换脸明星","强奸乱伦","女优明星","欧美激情","重口激情","三级伦理","剧情动漫","SM调教","女同性恋","VR视角","都市言情","暴力侵犯","家庭伦伦","性感身体","角色扮演","福利姬","漫画连载"],"blockClassList":[],"isLock":true,"uiType":0,"codeID":"","env":"","version":1,"type":0},{"api":"https://www.xrbsp.com/api/json.php","name":"淫水机","instance":"","webSite":"","remark":"","noHistory":false,"userAgent":"","displayClassList":[],"blockClassList":[],"isLock":true,"uiType":0,"codeID":"","env":"","version":1,"type":0},{"api":"http://slapibf.com/api.php/provide/vod","name":"森林资源","instance":"","webSite":"","remark":"","noHistory":false,"userAgent":"","displayClassList":[],"blockClassList":[],"isLock":true,"uiType":0,"codeID":"","env":"","version":1,"type":0},{"api":"https://155api.com/api.php/provide/vod/","name":"115资源","instance":"","webSite":"","remark":"","noHistory":false,"userAgent":"","displayClassList":[],"blockClassList":[],"isLock":true,"uiType":0,"codeID":"","env":"","version":1,"type":0},{"api":"https://bhziyuan.com/api.php/provide/vod/at/xml","name":"百花资源","instance":"","webSite":"","remark":"","noHistory":false,"userAgent":"","displayClassList":[],"blockClassList":[],"isLock":true,"uiType":0,"codeID":"","env":"","version":1,"type":0},{"api":"https://www.gdlsp.com/api/json.php","name":"香奶儿","instance":"","webSite":"","remark":"","noHistory":false,"userAgent":"","displayClassList":[],"blockClassList":[],"isLock":true,"uiType":0,"codeID":"","env":"","version":1,"type":0},{"api":"http://lbapiby.com/api.php/provide/vod/at/json","name":"AIvin","instance":"","webSite":"","remark":"","noHistory":false,"userAgent":"","displayClassList":["最新","熟女人妻","强奸乱伦","巨乳美乳","中文字幕","制服诱惑","女同性恋","卡通动画","视频伦理","少女萝莉","重口色情","人兽性交","暴力虐待","学生校园","玄幻仙侠","明星偶像","生活都市","不伦恋情","经验故事","科学幻想","唯美清纯","网友自拍","亚洲性爱","欧美激情","露出偷窥","高跟丝袜","卡通漫画","Gif动图","福利姬"],"blockClassList":[],"isLock":true,"uiType":0,"codeID":"","env":"","version":1,"type":0},{"api":"https://lbapi9.com/api.php/provide/vod/","name":"乐播","instance":"","webSite":"","remark":"","noHistory":false,"userAgent":"","displayClassList":[],"blockClassList":[],"isLock":true,"uiType":0,"codeID":"","env":"","version":1,"type":0},{"api":"https://www.pgxdy.com/api/xml.php","name":"黄AV资源","instance":"","webSite":"","remark":"","noHistory":false,"userAgent":"","displayClassList":[],"blockClassList":[],"isLock":true,"uiType":0,"codeID":"","env":"","version":1,"type":0},{"api":"https://www.jingpinx.com/api.php/provide/vod/","name":"精品资源","instance":"","webSite":"","remark":"","noHistory":false,"userAgent":"","displayClassList":[],"blockClassList":[],"isLock":true,"uiType":0,"codeID":"","env":"","version":1,"type":0},{"api":"https://shayuapi.com/api.php/provide/vod/","name":"鲨鱼资源","instance":"","webSite":"","remark":"","noHistory":false,"userAgent":"","displayClassList":[],"blockClassList":[],"isLock":true,"uiType":0,"codeID":"","env":"","version":1,"type":0},{"api":"https://apiyutu.com/api.php/provide/vod/","name":"玉兔资源","instance":"","webSite":"","remark":"","noHistory":false,"userAgent":"","displayClassList":[],"blockClassList":[],"isLock":true,"uiType":0,"codeID":"","env":"","version":1,"type":0},{"api":"https://dadiapi.com/api.php","name":"大地资源","instance":"","webSite":"","remark":"","noHistory":false,"userAgent":"","displayClassList":[],"blockClassList":[],"isLock":true,"uiType":0,"codeID":"","env":"","version":1,"type":0},{"api":"https://www.avre06.com/api.php/provide/vod","name":"黄瓜资源","instance":"","webSite":"","remark":"","noHistory":false,"userAgent":"","displayClassList":[],"blockClassList":[],"isLock":true,"uiType":0,"codeID":"","env":"","version":1,"type":0},{"api":"https://a.uezy.pw/api.php/provide/vod/","name":"优异资源","instance":"","webSite":"","remark":"","noHistory":false,"userAgent":"","displayClassList":[],"blockClassList":[],"isLock":true,"uiType":0,"codeID":"","env":"","version":1,"type":0},{"api":"https://jkunzyapi.com/api.php/provide/vod/","name":"鸡坤资源","instance":"","webSite":"","remark":"","noHistory":false,"userAgent":"","displayClassList":[],"blockClassList":[],"isLock":true,"uiType":0,"codeID":"","env":"","version":1,"type":0},{"api":"https://ckzy.me/api.php/provide/vod/","name":"CK资源","instance":"","webSite":"","remark":"","noHistory":false,"userAgent":"","displayClassList":["最新","国产动漫","日韩动漫","欧美动漫","港台动漫","动漫电影","里番动漫","电影","连续剧","综艺","动作片","喜剧片","爱情片","科幻片","恐怖片","剧情片","战争片","惊悚片","家庭片","古装片","历史片","悬疑片","犯罪片","灾难片","记录片","短片","国产剧","香港剧","韩国剧","欧美剧","台湾剧","日本剧","海外剧","泰国剧","大陆综艺","港台综艺","日韩综艺","欧美综艺","短剧","伦理片","动漫"],"blockClassList":[],"isLock":false,"uiType":0,"codeID":"","env":"","version":1,"type":0},{"api":"https://91av.cyou/api.php/provide/vod/","name":"91视频","instance":"","webSite":"","remark":"","noHistory":false,"userAgent":"","displayClassList":[],"blockClassList":[],"isLock":true,"uiType":0,"codeID":"","env":"","version":1,"type":0},{"api":"https://155api.com/api.php/provide/vod/at/json","name":"155资源","instance":"","webSite":"","remark":"","noHistory":false,"userAgent":"","displayClassList":[],"blockClassList":[],"isLock":true,"uiType":0,"codeID":"","env":"","version":1,"type":0},{"api":"https://www.pgxdy.com/api/json.php","name":"黄AV资源","instance":"","webSite":"","remark":"","noHistory":false,"userAgent":"","displayClassList":[],"blockClassList":[],"isLock":true,"uiType":0,"codeID":"","env":"","version":1,"type":0},{"api":"https://www.msnii.com/api/json.php","name":"美少女资源","instance":"","webSite":"","remark":"","noHistory":false,"userAgent":"","displayClassList":[],"blockClassList":[],"isLock":true,"uiType":0,"codeID":"","env":"","version":1,"type":0},{"api":"https://lbapi9.com/api.php/provide/vod/at/json","name":"乐播资源","instance":"","webSite":"","remark":"","noHistory":false,"userAgent":"","displayClassList":[],"blockClassList":[],"isLock":true,"uiType":0,"codeID":"","env":"","version":1,"type":0},{"api":"https://api.ddapi.cc/api.php/provide/vod/at/json","name":"滴滴资源","instance":"","webSite":"","remark":"","noHistory":false,"userAgent":"","displayClassList":[],"blockClassList":[],"isLock":true,"uiType":0,"codeID":"","env":"","version":1,"type":0},{"api":"vod/js/Jin_madou.js","name":"[禁] 麻豆","instance":"madou20240626","webSite":"https://madou.club","remark":"","noHistory":false,"userAgent":"","displayClassList":[],"blockClassList":[],"isLock":true,"uiType":0,"codeID":"","env":"","version":2,"type":100},{"api":"vod/js/Jin_hkdoll.js","name":"[禁] 玩偶姐姐","instance":"hkdoll20240705","webSite":"https://hongkongdollvideo.com","remark":"","noHistory":false,"userAgent":"","displayClassList":[],"blockClassList":[],"isLock":true,"uiType":0,"codeID":"","env":"","version":2,"type":100},{"api":"vod/js/Jin_91jav.js","name":"[禁] 91jav","instance":"","webSite":"https://041.bndmpsjx.com","remark":"","noHistory":false,"userAgent":"","displayClassList":[],"blockClassList":[],"isLock":true,"uiType":0,"codeID":"","env":"","version":3,"type":101},{"api":"vod/js/Jin_jable.js","name":"[禁] jable","instance":"jable20240831","webSite":"https://jable.tv","remark":"","noHistory":false,"userAgent":"","displayClassList":[],"blockClassList":[],"isLock":true,"uiType":0,"codeID":"","env":"","version":3,"type":100},{"api":"vod/js/Jin_missav.js","name":"[禁] missav","instance":"missav20240627","webSite":"https://missav.ai","remark":"","noHistory":false,"userAgent":"","displayClassList":[],"blockClassList":[],"isLock":true,"uiType":0,"codeID":"","env":"","version":2,"type":100},{"api":"vod/js/Jin_netflav.js","name":"[禁] netflav","instance":"netflav20240905","webSite":"https://www.netflav.com","remark":"","noHistory":false,"userAgent":"","displayClassList":[],"blockClassList":[],"isLock":true,"uiType":0,"codeID":"","env":"","version":2,"type":100},{"api":"https://api.bwzyz.com/api.php/provide/vod","name":"AV-百万资源","instance":"","webSite":"","remark":"","noHistory":false,"userAgent":"","displayClassList":[],"blockClassList":[],"isLock":true,"uiType":0,"codeID":"","env":"","version":1,"type":0},{"api":"https://91md.me/api.php/provide/vod","name":"AV-91麻豆","instance":"","webSite":"","remark":"","noHistory":false,"userAgent":"","displayClassList":[],"blockClassList":[],"isLock":true,"uiType":0,"codeID":"","env":"","version":1,"type":0},{"api":"http://lbapiby.com/api.php/provide/vod","name":"AV-AIvin","instance":"","webSite":"","remark":"","noHistory":false,"userAgent":"","displayClassList":[],"blockClassList":[],"isLock":true,"uiType":0,"codeID":"","env":"","version":1,"type":0},{"api":"https://slapibf.com/api.php/provide/vod","name":"AV-森林资源","instance":"","webSite":"","remark":"","noHistory":false,"userAgent":"","displayClassList":[],"blockClassList":[],"isLock":true,"uiType":0,"codeID":"","env":"","version":1,"type":0},{"api":"https://api.maozyapi.com/inc/apijson_vod.php","name":"AV-色猫资源","instance":"","webSite":"","remark":"","noHistory":false,"userAgent":"","displayClassList":[],"blockClassList":[],"isLock":true,"uiType":0,"codeID":"","env":"","version":1,"type":0},{"api":"https://xingba111.com/api.php/provide/vod","name":"杏吧资源","instance":"","webSite":"","remark":"","noHistory":false,"userAgent":"","displayClassList":[],"blockClassList":[],"isLock":true,"uiType":0,"codeID":"","env":"","version":1,"type":0},{"api":"https://hsckzy888.com/api.php/provide/vod","name":"黄色资源啊啊","instance":"","webSite":"","remark":"","noHistory":false,"userAgent":"","displayClassList":["最新","网红主播","国产传媒","探花系列","人妻熟女","日本无码","美乳巨乳","强制侵犯","制服诱惑","绝色佳人","风俗泡泡浴","家庭乱伦","AV解说","三级电影","少女萝莉","SM调教","绝顶潮吹","魔镜系列","时间停止","催眠洗脑","漫改系列","电车痴汉","淫欲痴女","AI换脸","其他区","网曝门","TS专区","女性向系列","女同性恋","男同性恋","欧美精品","国产自拍","日本动漫","3D动漫","韩国主播","泰国风情","OnlyFans"],"blockClassList":[],"isLock":true,"uiType":0,"codeID":"","env":"","version":1,"type":0},{"api":"https://api.ukuapi88.com/api.php/provide/vod","name":"U酷资源","instance":"","webSite":"","remark":"","noHistory":false,"userAgent":"","displayClassList":[],"blockClassList":[],"isLock":false,"uiType":0,"codeID":"","env":"","version":1,"type":0},{"api":"https://api.wujinapi.cc/api.php/provide/vod","name":"wujinapi无尽","instance":"","webSite":"","remark":"","noHistory":false,"userAgent":"","displayClassList":[],"blockClassList":[],"isLock":false,"uiType":0,"codeID":"","env":"","version":1,"type":0},{"api":"https://collect.wolongzy.cc/api.php/provide/vod","name":"卧龙资源","instance":"","webSite":"","remark":"","noHistory":false,"userAgent":"","displayClassList":[],"blockClassList":[],"isLock":false,"uiType":0,"codeID":"","env":"","version":1,"type":0},{"api":"https://wolongzyw.com/api.php/provide/vod","name":"卧龙资源","instance":"","webSite":"","remark":"","noHistory":false,"userAgent":"","displayClassList":[],"blockClassList":[],"isLock":false,"uiType":0,"codeID":"","env":"","version":1,"type":0},{"api":"https://tyyszy.com/api.php/provide/vod","name":"天涯资源","instance":"","webSite":"","remark":"","noHistory":false,"userAgent":"","displayClassList":[],"blockClassList":[],"isLock":false,"uiType":0,"codeID":"","env":"","version":1,"type":0},{"api":"https://zy.xmm.hk/api.php/provide/vod","name":"小猫咪资源","instance":"","webSite":"","remark":"","noHistory":false,"userAgent":"","displayClassList":[],"blockClassList":[],"isLock":false,"uiType":0,"codeID":"","env":"","version":1,"type":0},{"api":"https://api.wwzy.tv/api.php/provide/vod","name":"旺旺资源","instance":"","webSite":"","remark":"","noHistory":false,"userAgent":"","displayClassList":[],"blockClassList":[],"isLock":false,"uiType":0,"codeID":"","env":"","version":1,"type":0},{"api":"http://caiji.dyttzyapi.com/api.php/provide/vod","name":"电影天堂资源","instance":"","webSite":"","remark":"","noHistory":false,"userAgent":"","displayClassList":[],"blockClassList":[],"isLock":false,"uiType":0,"codeID":"","env":"","version":1,"type":0},{"api":"https://caiji.maotaizy.cc/api.php/provide/vod","name":"茅台资源","instance":"","webSite":"","remark":"","noHistory":false,"userAgent":"","displayClassList":[],"blockClassList":[],"isLock":false,"uiType":0,"codeID":"","env":"","version":1,"type":0},{"api":"https://caiji.dbzy.tv/api.php/provide/vod","name":"豆瓣资源","instance":"","webSite":"","remark":"","noHistory":false,"userAgent":"","displayClassList":[],"blockClassList":[],"isLock":false,"uiType":0,"codeID":"","env":"","version":1,"type":0},{"api":"https://dbzy.tv/api.php/provide/vod","name":"豆瓣资源","instance":"","webSite":"","remark":"","noHistory":false,"userAgent":"","displayClassList":[],"blockClassList":[],"isLock":false,"uiType":0,"codeID":"","env":"","version":1,"type":0},{"api":"https://sdzyapi.com/api.php/provide/vod","name":"閃電资源","instance":"","webSite":"","remark":"","noHistory":false,"userAgent":"","displayClassList":[],"blockClassList":[],"isLock":false,"uiType":0,"codeID":"","env":"","version":1,"type":0},{"api":"https://mozhuazy.com/api.php/provide/vod","name":"魔爪资源","instance":"","webSite":"","remark":"","noHistory":false,"userAgent":"","displayClassList":[],"blockClassList":[],"isLock":false,"uiType":0,"codeID":"","env":"","version":1,"type":0},{"api":"https://caiji.moduapi.cc/api.php/provide/vod","name":"魔都动漫","instance":"","webSite":"","remark":"","noHistory":false,"userAgent":"","displayClassList":[],"blockClassList":[],"isLock":false,"uiType":0,"codeID":"","env":"","version":1,"type":0},{"api":"https://api.ffzyapi.com/api.php/provide/vod","name":"非凡影视new","instance":"","webSite":"","remark":"","noHistory":false,"userAgent":"","displayClassList":[],"blockClassList":[],"isLock":false,"uiType":0,"codeID":"","env":"","version":1,"type":0},{"api":"https://www.aiduanju.cc/","name":"爱短剧.cc","instance":"","webSite":"","remark":"","noHistory":false,"userAgent":"","displayClassList":[],"blockClassList":[],"isLock":false,"uiType":0,"codeID":"","env":"","version":1,"type":0},{"api":"https://taopianapi.com/cjapi/sda/vod","name":"淘片资源","instance":"","webSite":"","remark":"","noHistory":false,"userAgent":"","displayClassList":[],"blockClassList":[],"isLock":false,"uiType":0,"codeID":"","env":"","version":1,"type":0},{"api":"https://www.hongniuzy3.com/api.php/provide/vod","name":"红牛资源","instance":"","webSite":"","remark":"","noHistory":false,"userAgent":"","displayClassList":[],"blockClassList":[],"isLock":false,"uiType":0,"codeID":"","env":"","version":1,"type":0},{"api":"https://xsd.sdzyapi.com/api.php/provide/vod","name":"索尼-闪电资源","instance":"","webSite":"","remark":"","noHistory":false,"userAgent":"","displayClassList":[],"blockClassList":[],"isLock":false,"uiType":0,"codeID":"","env":"","version":1,"type":0},{"api":"https://jyzyapi.com/provide/vod","name":"金鹰资源采集网","instance":"","webSite":"","remark":"","noHistory":false,"userAgent":"","displayClassList":[],"blockClassList":[],"isLock":false,"uiType":0,"codeID":"","env":"","version":1,"type":0},{"api":"https://api.fczy888.me/api.php/provide/vod","name":"蜂巢片库","instance":"","webSite":"","remark":"","noHistory":false,"userAgent":"","displayClassList":[],"blockClassList":[],"isLock":false,"uiType":0,"codeID":"","env":"","version":1,"type":0},{"api":"https://api.jmzy.com/api.php/provide/vod","name":"金马资源网","instance":"","webSite":"","remark":"","noHistory":false,"userAgent":"","displayClassList":[],"blockClassList":[],"isLock":false,"uiType":0,"codeID":"","env":"","version":1,"type":0},{"api":"https://dadiapi.com/api.php/provide/vod","name":"大地资源网络","instance":"","webSite":"","remark":"","noHistory":false,"userAgent":"","displayClassList":[],"blockClassList":[],"isLock":false,"uiType":0,"codeID":"","env":"","version":1,"type":0},{"api":"https://caiji.kuaichezy.org/api.php/provide","name":"快车资源阿","instance":"","webSite":"","remark":"","noHistory":false,"userAgent":"","displayClassList":[],"blockClassList":[],"isLock":false,"uiType":0,"codeID":"","env":"","version":1,"type":0},{"api":"https://api.yzzy-api.com/inc/ldg_api_all.php/provide/vod","name":"优质资源库1080zyk6.com高清","instance":"","webSite":"","remark":"","noHistory":false,"userAgent":"","displayClassList":[],"blockClassList":[],"isLock":false,"uiType":0,"codeID":"","env":"","version":1,"type":0},{"api":"https://www.qiqidys.com/api.php/provide/vod/","name":"七七影视","instance":"","webSite":"","remark":"","noHistory":false,"userAgent":"","displayClassList":[],"blockClassList":[],"isLock":false,"uiType":0,"codeID":"","env":"","version":1,"type":0},{"content":"","name":"📺电视直播","remark":"","url":"https://raw.githubusercontent.com/fenger1210/Player/refs/heads/main/TV/iptv.m3u","type":10,"userAgent":"okhttp","blockClassList":null,"displayClassList":null},{"content":"","name":"✈️18live","remark":"","url":"https://raw.githubusercontent.com/fenger1210/Player/refs/heads/main/TV/18Live.m3u","type":10,"userAgent":"okhttp","blockClassList":null,"displayClassList":null},{"url":"panTools/js/panTools2.js","name":"夸克|UC|天翼|123|百度|移动|pikpak|解析","codeID":"","env":"百度网盘Cookie##用于播放百度网盘视频&&UCCookie##用于播放UC网盘视频&&夸克Cookie##用于播放Quark网盘视频&&转存文件夹名称##在各网盘转存文件时使用的文件夹名称&&123网盘账号##用于播放123网盘视频&&123网盘密码##用于播放123网盘视频&&天翼网盘账号##用于播放天翼网盘视频&&天翼网盘密码##用于播放天翼网盘视频&&PikPakToken##用于存储登录信息,Bearer 开头&&采集解析地址##内置两个，失效不要反馈。格式：名称1@地址1;名称2@地址2","version":35,"type":300,"remark":"iOS14 以上版本可用,App v1.6.54 及以上版本可用"},{"url":"danMu/js/danMu5.txt","name":"新弹幕扩展","codeID":"Ym0R2LHVnDKwcd4DIvYQ9zuPYIxlXjXO","env":"新弹幕扩展API地址##默认: https://dmapi.do-u.me/87654321","version":2,"type":400,"remark":"🍃豆儿出品，不属精品！"},{"url":"danMu/js/danMu4.txt","name":"自定义弹幕扩展","codeID":"eNsjjCitUduGuqnJUNIRmJId7Xppp6Ku","env":"自定义弹幕解析接口##格式 线路名称1@地址1|线路名称2@地址2&&自定义弹幕采集线路##格式 线路名称1@地址1|线路名称2@地址2","version":16,"type":400,"remark":"v1.6.60 及以上版本可用"},{"api":"recommend/js/douban.txt","name":"豆瓣推荐","codeID":"hbrN1NRUSRDiyliciZx0FsiOOX21vhVS","env":"","version":4,"type":200,"remark":"iOS14 以上版本可用"}]