[{"name":"转存文件夹名称","value":"uz影视","desc":"在各网盘转存文件时使用的文件夹名称","isShowTips":true},{"name":"百度网盘Cookie","value":"","desc":"用于播放百度网盘视频","isShowTips":true},{"name":"UCCookie","value":"","desc":"用于播放UC网盘视频","isShowTips":true},{"name":"夸克Cookie","value":"","desc":"用于播放Quark网盘视频","isShowTips":true},{"name":"123网盘账号","value":"","desc":"用于播放123网盘视频","isShowTips":true},{"name":"123网盘密码","value":"","desc":"用于播放123网盘视频","isShowTips":true},{"name":"天翼网盘账号","value":"","desc":"用于播放天翼网盘视频","isShowTips":true},{"name":"天翼网盘密码","value":"","desc":"用于播放天翼网盘视频","isShowTips":true},{"name":"PikPakToken","value":"","desc":"用于存储登录信息,Bearer 开头","isShowTips":true},{"name":"采集解析地址","value":"","desc":"内置两个，失效不要反馈。格式：名称1@地址1;名称2@地址2","isShowTips":true},{"name":"新弹幕扩展API地址","value":"","desc":"默认: https://dmapi.do-u.me/87654321","isShowTips":true},{"name":"自定义弹幕解析接口","value":"","desc":"格式 线路名称1@地址1|线路名称2@地址2","isShowTips":true},{"name":"自定义弹幕采集线路","value":"","desc":"格式 线路名称1@地址1|线路名称2@地址2","isShowTips":true}]