[{"url":"https://ghfast.top/https://raw.githubusercontent.com/fenger1210/Player/refs/heads/main/src/vod.json","name":"影视源","type":1},{"url":"https://ghfast.top/https://raw.githubusercontent.com/fenger1210/Player/refs/heads/main/src/18+.json","name":"18+","type":1},{"url":"https://ghfast.top/https://raw.githubusercontent.com/fenger1210/Player/refs/heads/main/src/18++.json","name":"18++","type":1},{"content":"","name":"📺电视直播","remark":"","url":"https://ghfast.top/https://raw.githubusercontent.com/fenger1210/Player/refs/heads/main/tv/iptv.m3u","type":10,"userAgent":"okhttp","blockClassList":null,"displayClassList":null},{"content":"","name":"✈️18live","remark":"","url":"https://ghfast.top/https://raw.githubusercontent.com/fenger1210/Player/refs/heads/main/tv/18Live.m3u","type":10,"userAgent":"okhttp","blockClassList":null,"displayClassList":null},{"url":"panTools/js/panTools2.js","name":"夸克|UC|天翼|123|百度|移动|pikpak|解析","codeID":"","env":"百度网盘Cookie##用于播放百度网盘视频&&UCCookie##用于播放UC网盘视频&&夸克Cookie##用于播放Quark网盘视频&&转存文件夹名称##在各网盘转存文件时使用的文件夹名称&&123网盘账号##用于播放123网盘视频&&123网盘密码##用于播放123网盘视频&&天翼网盘账号##用于播放天翼网盘视频&&天翼网盘密码##用于播放天翼网盘视频&&PikPakToken##用于存储登录信息,Bearer 开头&&采集解析地址##内置两个，失效不要反馈。格式：名称1@地址1;名称2@地址2","version":35,"type":300,"remark":"iOS14 以上版本可用,App v1.6.54 及以上版本可用"},{"url":"danMu/js/danMu5.txt","name":"新弹幕扩展","codeID":"biU7iVi2ZtzJOFV4irME5wQkUXAWlOGB","env":"新弹幕扩展API地址##默认: https://dmapi.do-u.me/87654321","version":2,"type":400,"remark":"🍃豆儿出品，不属精品！"},{"url":"danMu/js/danMu4.txt","name":"自定义弹幕扩展","codeID":"nc0MTGg3Ogks2LNiudms6KfgGkAZ5erq","env":"自定义弹幕解析接口##格式 线路名称1@地址1|线路名称2@地址2&&自定义弹幕采集线路##格式 线路名称1@地址1|线路名称2@地址2","version":16,"type":400,"remark":"v1.6.60 及以上版本可用"},{"api":"recommend/js/douban.txt","name":"豆瓣推荐","codeID":"0bjEet3q6U8UJNa8JJ56l3fcBJlGYR2Z","env":"","version":4,"type":200,"remark":"iOS14 以上版本可用"}]